Mean_HU,Std_HU,Median_HU,Min_HU,Max_HU,IQ1_HU,IQ3_HU,Mean_Kedge,Std_Kedge,Median_Kedge,Min_Kedge,Max_Kedge,IQ1_Kedge,IQ3_Kedge
1.1111111111111112,61.193471773174636,21.0,-378.0,71.0,-19.0,42.0,0.0014222222222222392,0.008930568947631414,0.0,0.0,0.08000000000000185,0.0,0.0
129.19555555555556,15.311200773806165,129.0,95.0,165.0,118.0,139.0,0.9485333333333341,0.15450014023726116,0.9200000000000017,0.7600000000000016,1.4000000000000021,0.8200000000000003,1.0600000000000023
137.58666666666667,20.612677867974575,135.0,95.0,178.0,123.0,156.0,1.2444444444444451,0.30757225388195336,1.1999999999999993,0.5800000000000018,1.740000000000002,1.0199999999999996,1.5399999999999991
195.24444444444444,16.33150405478191,198.0,138.0,232.0,185.0,208.0,2.240266666666667,0.24866920463405462,2.3400000000000034,1.4800000000000004,2.5799999999999983,2.039999999999999,2.4399999999999977
152.42222222222222,15.88974356675664,152.0,102.0,187.0,142.0,163.0,1.3247111111111118,0.1809924028144365,1.3399999999999999,0.8000000000000007,1.6400000000000006,1.2200000000000024,1.4400000000000013
